,testing accuracy,training accuracy
0,0.586956521739,0.649253731343
